{"learner":{"attributes":{"best_iteration":"9","best_ntree_limit":"10"},"feature_names":["Avg_inverted_error_25","Avg_inverted_error_50","Avg_inverted_error_75","Avg_odds_ratio","Num_1Q_Gates","Num_2Q_Gates","circuit_depth","circuit_width","observed_prob_50","state_weight"],"feature_types":["float","float","float","float","int","int","int","int","float","int"],"gradient_booster":{"gbtree":{"model":{"gbtree_model_param":{"num_parallel_tree":"1","num_trees":"10","size_leaf_vector":"0"},"tree_info":[0,0,0,0,0,0,0,0,0,0],"trees":[{"base_weights":[4.163409E0,2.6602814E0,6.2024815E1,1.422017E0,1.5181215E1,4.576171E1,9.4550766E1,-1.8831092E-1,2.9875534E0,1.229791E1,2.4636732E1,4.3296726E1,5.8633854E1,7.851325E1,9.847072E1],"categories":[],"categories_nodes":[],"categories_segments":[],"categories_sizes":[],"default_left":[1,1,1,1,1,1,1,0,0,0,0,0,0,0,0],"id":0,"left_children":[1,3,5,7,9,11,13,-1,-1,-1,-1,-1,-1,-1,-1],"loss_changes":[5.770664E5,1.0026583E5,8.886675E4,1.4836244E4,1.5867094E4,3.5532656E3,3.5191562E3,0E0,0E0,0E0,0E0,0E0,0E0,0E0,0E0],"parents":[2147483647,0,0,1,1,2,2,3,3,4,4,5,5,6,6],"right_children":[2,4,6,8,10,12,14,-1,-1,-1,-1,-1,-1,-1,-1],"split_conditions":[2.661E1,8.615E0,4.7215E1,2.565E0,1.55E1,3.5E0,5.9010002E1,-1.2594876E-1,1.9981775E0,8.225262E0,1.6477886E1,2.8958326E1,3.921632E1,5.251234E1,6.586057E1],"split_indices":[8,8,8,8,8,9,8,0,0,0,0,0,0,0,0],"split_type":[0,0,0,0,0,0,0,0,0,0,0,0,0,0,0],"sum_hessian":[6.635E3,6.467E3,1.68E2,5.885E3,5.82E2,1.12E2,5.6E1,2.901E3,2.984E3,4.46E2,1.36E2,9.4E1,1.8E1,1.1E1,4.5E1],"tree_param":{"num_deleted":"0","num_feature":"10","num_nodes":"15","size_leaf_vector":"0"}},{"base_weights":[1.4178754E0,2.9073744E0,1.1058469E0,1.8485622E1,2.8252366E0,1.2109612E0,-1.6560796E-1,2.6612267E0,9.839746E0,9.323785E-1,2.1489768E0,-7.513169E-1,3.402306E-2],"categories":[],"categories_nodes":[],"categories_segments":[],"categories_sizes":[],"default_left":[1,1,1,0,1,1,1,0,0,0,0,0,0],"id":1,"left_children":[1,3,5,-1,7,9,11,-1,-1,-1,-1,-1,-1],"loss_changes":[3.0697793E3,1.4638105E3,7.29853E2,0E0,1.309206E3,1.3180713E3,4.8758026E1,0E0,0E0,0E0,0E0,0E0,0E0],"parents":[2147483647,0,0,1,1,2,2,4,4,5,5,6,6],"right_children":[2,4,6,-1,8,10,12,-1,-1,-1,-1,-1,-1],"split_conditions":[4.25E1,1.2145E1,5.5E0,1.2363814E1,6.864E1,3.5E0,1.05E2,1.7799191E0,6.5811577E0,6.236065E-1,1.4373089E0,-5.025064E-1,2.2755783E-2],"split_indices":[4,1,9,0,1,9,4,0,0,0,0,0,0],"split_type":[0,0,0,0,0,0,0,0,0,0,0,0,0],"sum_hessian":[6.605E3,1.144E3,5.461E3,6E0,1.138E3,5.044E3,4.17E2,1.112E3,2.6E1,3.889E3,1.155E3,1.06E2,3.11E2],"tree_param":{"num_deleted":"0","num_feature":"10","num_nodes":"13","size_leaf_vector":"0"}},{"base_weights":[4.7707164E-1,1.0136827E0,-6.8683803E-1,-1.0582504E0,1.7142023E0,-7.547374E-1,3.9325593E0,3.1328485E0,-1.0767956E0,7.458917E0,1.5972122E0,-1.8395329E0,-5.8510345E-1,-2.1233933E0,1.0853586E1],"categories":[],"categories_nodes":[],"categories_segments":[],"categories_sizes":[],"default_left":[1,1,1,1,1,1,1,0,0,0,0,0,0,0,0],"id":2,"left_children":[1,3,5,7,9,11,13,-1,-1,-1,-1,-1,-1,-1,-1],"loss_changes":[4.099032E3,6.5198223E3,6.495786E2,8.821802E1,2.2561523E3,3.755807E2,1.257414E3,0E0,0E0,0E0,0E0,0E0,0E0,0E0,0E0],"parents":[2147483647,0,0,1,1,2,2,3,3,4,4,5,5,6,6],"right_children":[2,4,6,8,10,12,14,-1,-1,-1,-1,-1,-1,-1,-1],"split_conditions":[1.285E0,1.005E0,8.145E2,1.4905E1,1.015E0,1.65E1,1.505E0,2.095356E0,-7.201976E-1,4.988778E0,1.06827E0,-1.2303423E0,-3.9133713E-1,-1.4201978E0,7.2592483E0],"split_indices":[3,3,5,0,3,5,3,0,0,0,0,0,0,0,0],"split_type":[0,0,0,0,0,0,0,0,0,0,0,0,0,0,0],"sum_hessian":[6.563E3,4.492E3,2.071E3,1.135E3,3.357E3,2.041E3,3E1,5E0,1.13E3,6.7E1,3.29E3,2.76E2,1.765E3,1.6E1,1.4E1],"tree_param":{"num_deleted":"0","num_feature":"10","num_nodes":"15","size_leaf_vector":"0"}},{"base_weights":[1.1683788E-1,4.9641487E-1,-2.3708005E-1,7.651045E-1,-1.2627411E0,-3.5934317E-1,1.2240788E0,-2.5356975E-1,1.3440797E0,-4.668091E0,-6.3493717E-1,-2.1619111E-1,-1.2536335E0,1.7659397E1,9.080028E-1],"categories":[],"categories_nodes":[],"categories_segments":[],"categories_sizes":[],"default_left":[1,1,1,1,1,1,1,0,0,0,0,0,0,0,0],"id":3,"left_children":[1,3,5,7,9,11,13,-1,-1,-1,-1,-1,-1,-1,-1],"loss_changes":[8.909369E2,1.5125344E3,6.1311255E2,1.6372495E3,9.0646606E2,4.0543774E2,1.3766222E3,0E0,0E0,0E0,0E0,0E0,0E0,0E0,0E0],"parents":[2147483647,0,0,1,1,2,2,3,3,4,4,5,5,6,6],"right_children":[2,4,6,8,10,12,14,-1,-1,-1,-1,-1,-1,-1,-1],"split_conditions":[1.145E0,7.0125E1,8.3149994E1,1.005E0,7.5225006E1,5.9235E1,8.344E1,-1.6959609E-1,8.989664E-1,-3.1221783E0,-4.2466763E-1,-1.4459598E-1,-8.3847284E-1,1.1811207E1,6.073032E-1],"split_indices":[3,2,1,3,1,1,1,0,0,0,0,0,0,0,0],"split_type":[0,0,0,0,0,0,0,0,0,0,0,0,0,0,0],"sum_hessian":[6.632E3,3.2E3,3.432E3,2.776E3,4.24E2,3.167E3,2.65E2,1.006E3,1.77E3,6.6E1,3.58E2,2.73E3,4.37E2,5E0,2.6E2],"tree_param":{"num_deleted":"0","num_feature":"10","num_nodes":"15","size_leaf_vector":"0"}},{"base_weights":[9.243979E-2,-4.315753E-1,1.8779383E1,-9.551141E-1,1.9519753E0,1.676384E1,5.3042667E1,-1.4967123E0,-5.059471E-1,1.3158481E0,9.578337E0,1.2232901E1,2.9349686E1,5.6540672E1,4.9542744E1],"categories":[],"categories_nodes":[],"categories_segments":[],"categories_sizes":[],"default_left":[1,1,1,1,1,1,1,0,0,0,0,0,0,0,0],"id":4,"left_children":[1,3,5,7,9,11,13,-1,-1,-1,-1,-1,-1,-1,-1],"loss_changes":[6.4618992E4,8.010151E3,1.2430484E4,1.2803193E3,5.608143E3,9.694316E3,1.2192383E2,0E0,0E0,0E0,0E0,0E0,0E0,0E0,0E0],"parents":[2147483647,0,0,1,1,2,2,3,3,4,4,5,5,6,6],"right_children":[2,4,6,8,10,12,14,-1,-1,-1,-1,-1,-1,-1,-1],"split_conditions":[2.424E1,5.785E0,1.355E2,2.5E0,3.5E0,5.828E1,3.6254997E1,-1.0010523E0,-3.3839467E-1,8.800841E-1,6.406318E0,8.181781E0,1.963007E1,3.781633E1,3.3135876E1],"split_indices":[8,8,6,9,9,8,8,0,0,0,0,0,0,0,0],"split_type":[0,0,0,0,0,0,0,0,0,0,0,0,0,0,0],"sum_hessian":[6.599E3,6.419E3,1.8E2,5.263E3,1.156E3,1.7E2,1E1,2.386E3,2.877E3,1.067E3,8.9E1,1.25E2,4.5E1,5E0,5E0],"tree_param":{"num_deleted":"0","num_feature":"10","num_nodes":"15","size_leaf_vector":"0"}},{"base_weights":[2.8038649E-2,-1.0361644E0,2.4398078E-1,-8.421024E-1,-1.4353504E1,3.0543312E-2,8.621768E-1,-9.3011904E-1,1.5176466E1,-1.0928199E1,-1.5910255E1,4.167902E-2,-3.7453337E0,1.0635924E1,8.133764E-1],"categories":[],"categories_nodes":[],"categories_segments":[],"categories_sizes":[],"default_left":[1,1,1,1,1,1,1,0,0,0,0,0,0,0,0],"id":5,"left_children":[1,3,5,7,9,11,13,-1,-1,-1,-1,-1,-1,-1,-1],"loss_changes":[1.5176406E3,2.8790073E3,7.2438477E2,1.5480732E3,8.528711E1,1.7159412E2,6.7203894E2,0E0,0E0,0E0,0E0,0E0,0E0,0E0,0E0],"parents":[2147483647,0,0,1,1,2,2,3,3,4,4,5,5,6,6],"right_children":[2,4,6,8,10,12,14,-1,-1,-1,-1,-1,-1,-1,-1],"split_conditions":[3.85E1,7.061E1,5.7075E1,6.864E1,7.328E1,7.5035E1,5.7199997E1,-6.2209535E-1,1.01505375E1,-7.309152E0,-1.0641321E1,2.787635E-2,-2.5050068E0,7.113669E0,5.4401386E-1],"split_indices":[4,1,1,1,2,2,1,0,0,0,0,0,0,0,0],"split_type":[0,0,0,0,0,0,0,0,0,0,0,0,0,0,0],"sum_hessian":[6.604E3,1.114E3,5.49E3,1.098E3,1.6E1,4.081E3,1.409E3,1.092E3,6E0,5E0,1.1E1,4.069E3,1.2E1,7E0,1.402E3],"tree_param":{"num_deleted":"0","num_feature":"10","num_nodes":"15","size_leaf_vector":"0"}},{"base_weights":[6.2826835E-2,-2.5208127E-1,5.5306144E0,-6.49762E-1,-3.833897E-2,4.687146E0,3.4882687E1,-1.1661894E-1,-1.0804456E0,-3.8613167E-1,1.0545709E0,3.5146894E0,1.1674951E1,4.8967205E1,2.0796904E1],"categories":[],"categories_nodes":[],"categories_segments":[],"categories_sizes":[],"default_left":[1,1,1,1,1,1,1,0,0,0,0,0,0,0,0],"id":6,"left_children":[1,3,5,7,9,11,13,-1,-1,-1,-1,-1,-1,-1,-1],"loss_changes":[1.1319446E4,5.283673E2,8.863174E3,4.9895575E2,1.536769E3,2.8511226E3,1.9837666E3,0E0,0E0,0E0,0E0,0E0,0E0,0E0,0E0],"parents":[2147483647,0,0,1,1,2,2,3,3,4,4,5,5,6,6],"right_children":[2,4,6,8,10,12,14,-1,-1,-1,-1,-1,-1,-1,-1],